t,queue_depth,in_flight,backlog,completed,active_workers,oldest_queued_wait_s,avg_queue_wait_s,spec_replicas,status_replicas,ready_replicas,unavailable_replicas,hpa_desired,hpa_current,worker_cpu_total_m,worker_cpu_pods,worker_cpu_mean_m
0.0,0,0,0,0,0,0.0,0.0,1,1,1,0,1,1,9,1,9.0
1.32,0,0,0,0,1,0.0,0.0,1,1,1,0,1,1,9,1,9.0
2.51,0,0,0,0,1,0.0,0.0,1,1,1,0,1,1,9,1,9.0
3.7,0,0,0,0,1,0.0,0.0,1,1,1,0,1,1,9,1,9.0
4.98,0,0,0,0,1,0.0,0.0,1,1,1,0,1,1,9,1,9.0
6.19,0,0,0,0,1,0.0,0.0,1,1,1,0,1,1,9,1,9.0
7.39,0,0,0,0,1,0.0,0.0,1,1,1,0,1,1,9,1,9.0
8.66,0,0,0,0,1,0.0,0.0,1,1,1,0,1,1,9,1,9.0
9.86,0,0,0,0,1,0.0,0.0,1,1,1,0,1,1,9,1,9.0
11.06,0,0,0,0,1,0.0,0.0,1,1,1,0,1,1,9,1,9.0
12.39,0,0,0,0,1,0.0,0.0,1,1,1,0,1,1,9,1,9.0
13.58,0,0,0,0,1,0.0,0.0,1,1,1,0,1,1,9,1,9.0
14.79,0,0,0,0,1,0.0,0.0,1,1,1,0,1,1,9,1,9.0
16.1,198,2,200,0,1,1.102,0.0,1,1,1,0,1,1,9,1,9.0
17.3,198,2,200,0,1,2.306,0.0,1,1,1,0,1,1,9,1,9.0
18.5,196,2,198,2,1,3.503,0.037,1,1,1,0,1,1,9,1,9.0
19.77,196,2,198,2,1,4.77,0.037,1,1,1,0,1,1,9,1,9.0
20.96,196,2,198,2,1,5.967,0.037,1,1,1,0,1,1,9,1,9.0
22.17,194,2,196,4,1,7.174,1.548,1,1,1,0,1,1,9,1,9.0
23.45,194,2,196,4,1,8.448,1.548,1,1,1,0,1,1,9,1,9.0
24.63,192,2,194,6,1,9.635,3.056,1,1,1,0,1,1,9,1,9.0
25.82,192,2,194,6,1,10.82,3.056,1,1,1,0,1,1,9,1,9.0
27.11,191,2,193,7,1,12.112,3.917,1,1,1,0,1,1,9,1,9.0
28.33,190,2,192,8,1,13.33,4.563,1,1,1,0,1,1,9,1,9.0
27.04,190,2,192,8,1,12.041,4.563,5,5,1,4,5,1,9,1,9.0
28.41,188,2,190,10,1,13.413,6.083,5,5,1,4,5,1,9,1,9.0
29.63,188,2,190,10,1,14.637,6.083,5,5,1,4,5,1,9,1,9.0
30.87,186,2,188,12,1,15.869,7.184,5,5,1,4,5,1,28,1,28.0
32.2,186,2,188,12,1,17.204,7.184,5,5,1,4,5,1,28,1,28.0
33.4,186,2,188,12,1,18.4,7.184,5,5,1,4,5,1,28,1,28.0
34.6,184,2,186,14,1,19.598,8.399,5,5,1,4,5,1,28,1,28.0
36.06,184,2,186,14,1,21.067,8.399,5,5,1,4,5,1,28,1,28.0
37.26,182,2,184,16,1,22.266,9.686,5,5,1,4,5,1,28,1,28.0
38.46,182,2,184,16,1,23.464,9.686,5,5,1,4,5,1,28,1,28.0
39.74,181,2,183,17,1,24.741,10.388,5,5,1,4,5,1,28,1,28.0
40.93,180,2,182,18,1,25.927,11.02,5,5,1,4,8,5,28,1,28.0
42.14,180,2,182,18,1,27.141,11.02,8,8,1,7,8,5,28,1,28.0
43.49,178,2,180,20,1,28.49,12.388,8,8,1,7,8,5,28,1,28.0
44.71,178,2,180,20,1,29.713,12.388,8,8,1,7,8,5,28,1,28.0
45.92,176,2,178,22,1,30.924,13.781,8,8,1,7,8,5,28,1,28.0
47.29,169,9,178,22,5,32.289,13.781,8,8,1,7,8,5,28,1,28.0
48.51,168,10,178,22,5,33.517,13.781,8,8,5,3,8,5,28,1,28.0
49.7,166,10,176,24,5,34.701,15.192,8,8,5,3,8,5,28,1,28.0
51.01,158,10,168,32,5,36.01,19.452,8,8,5,3,8,5,28,1,28.0
52.2,156,10,166,34,5,37.204,20.291,8,8,5,3,8,5,28,1,28.0
53.4,149,10,159,41,5,38.405,22.851,8,8,5,3,8,5,28,1,28.0
54.76,147,10,157,43,5,39.759,23.464,8,8,5,3,8,5,28,1,28.0
55.97,146,10,156,44,5,40.975,23.767,8,8,5,3,8,8,28,1,28.0
57.17,138,10,148,52,5,42.175,26.004,8,8,5,3,8,8,28,1,28.0
58.46,136,10,146,54,5,43.458,26.512,8,8,5,3,8,8,28,1,28.0
57.15,128,10,138,62,5,42.156,28.422,8,8,5,3,8,8,28,1,28.0
58.34,126,10,136,64,5,43.347,28.869,8,8,5,3,8,8,28,1,28.0
59.68,122,14,136,64,7,44.684,28.869,8,8,5,3,8,8,28,1,28.0
60.91,112,16,128,72,8,45.915,30.31,8,8,8,0,8,8,28,1,28.0
62.11,110,16,126,74,8,47.113,30.66,8,8,8,0,8,8,28,1,28.0
63.41,96,16,112,88,8,48.415,32.912,8,8,8,0,8,8,28,1,28.0
64.6,94,16,110,90,8,49.599,33.208,8,8,8,0,8,8,28,1,28.0
65.81,89,16,105,95,8,50.809,33.972,8,8,8,0,8,8,28,1,28.0
67.15,80,16,96,104,8,52.152,35.179,8,8,8,0,8,8,28,1,28.0
68.35,78,16,94,106,8,53.353,35.445,8,8,8,0,8,8,28,1,28.0
69.54,64,16,80,120,8,54.54,37.242,8,8,8,0,8,8,28,1,28.0
70.81,62,16,78,122,8,55.814,37.489,8,8,8,0,8,8,28,1,28.0
72.01,50,16,66,134,8,57.011,38.951,8,8,8,0,8,8,28,1,28.0
73.22,47,16,63,137,8,58.22,39.291,8,8,8,0,8,8,28,1,28.0
74.55,46,16,62,138,8,59.553,39.407,8,8,8,0,8,8,28,1,28.0
75.75,32,16,48,152,8,60.747,41.015,8,8,8,0,8,8,28,1,28.0
76.95,30,16,46,154,8,61.951,41.239,8,8,8,0,8,8,28,1,28.0
78.23,16,16,32,168,8,63.232,42.791,8,8,8,0,8,8,28,1,28.0
79.42,14,16,30,170,8,64.426,43.009,8,8,8,0,8,8,28,1,28.0
80.62,14,16,30,170,8,65.618,43.009,8,8,8,0,8,8,28,1,28.0
81.93,0,16,16,184,8,0.0,44.52,8,8,8,0,8,8,28,1,28.0
83.13,0,14,14,186,8,0.0,44.732,8,8,8,0,8,8,28,1,28.0
84.34,0,0,0,200,8,0.0,46.212,8,8,8,0,8,8,28,1,28.0
85.66,0,0,0,200,8,0.0,46.212,8,8,8,0,8,8,28,1,28.0
86.85,0,0,0,200,8,0.0,46.212,8,8,8,0,8,8,28,1,28.0
88.06,0,0,0,200,8,0.0,46.212,8,8,8,0,8,8,513,8,64.1
86.87,0,0,0,200,8,0.0,46.212,8,8,8,0,8,8,513,8,64.1
88.06,0,0,0,200,8,0.0,46.212,8,8,8,0,8,8,513,8,64.1
89.26,0,0,0,200,8,0.0,46.212,8,8,8,0,8,8,513,8,64.1
90.55,0,0,0,200,8,0.0,46.212,8,8,8,0,8,8,513,8,64.1
91.75,0,0,0,200,8,0.0,46.212,8,8,8,0,8,8,513,8,64.1
92.96,0,0,0,200,8,0.0,46.212,8,8,8,0,8,8,513,8,64.1
94.27,0,0,0,200,8,0.0,46.212,8,8,8,0,8,8,513,8,64.1
95.46,0,0,0,200,8,0.0,46.212,8,8,8,0,8,8,513,8,64.1
96.64,0,0,0,200,8,0.0,46.212,8,8,8,0,8,8,513,8,64.1
97.94,0,0,0,200,8,0.0,46.212,8,8,8,0,8,8,513,8,64.1
99.14,0,0,0,200,8,0.0,46.212,8,8,8,0,8,8,513,8,64.1
100.35,0,0,0,200,8,0.0,46.212,8,8,8,0,8,8,513,8,64.1
101.63,0,0,0,200,8,0.0,46.212,8,8,8,0,8,8,513,8,64.1
102.82,0,0,0,200,8,0.0,46.212,8,8,8,0,8,8,513,8,64.1
104.0,0,0,0,200,8,0.0,46.212,8,8,8,0,8,8,513,8,64.1
105.29,0,0,0,200,8,0.0,46.212,8,8,8,0,8,8,513,8,64.1
106.48,0,0,0,200,8,0.0,46.212,8,8,8,0,8,8,513,8,64.1
107.67,0,0,0,200,8,0.0,46.212,8,8,8,0,8,8,513,8,64.1
108.96,0,0,0,200,8,0.0,46.212,8,8,8,0,8,8,513,8,64.1
110.16,0,0,0,200,8,0.0,46.212,8,8,8,0,8,8,513,8,64.1
111.36,0,0,0,200,8,0.0,46.212,8,8,8,0,8,8,513,8,64.1
112.65,0,0,0,200,8,0.0,46.212,8,8,8,0,8,8,513,8,64.1
113.84,0,0,0,200,8,0.0,46.212,8,8,8,0,8,8,513,8,64.1
115.03,0,0,0,200,8,0.0,46.212,8,8,8,0,8,8,513,8,64.1
116.34,0,0,0,200,8,0.0,46.212,8,8,8,0,8,8,513,8,64.1
117.55,0,0,0,200,8,0.0,46.212,8,8,8,0,8,8,513,8,64.1
116.27,0,0,0,200,8,0.0,46.212,8,8,8,0,8,8,513,8,64.1
117.54,0,0,0,200,8,0.0,46.212,8,8,8,0,8,8,513,8,64.1
118.74,0,0,0,200,8,0.0,46.212,8,8,8,0,8,8,513,8,64.1
119.96,0,0,0,200,8,0.0,46.212,8,8,8,0,8,8,513,8,64.1
121.24,0,0,0,200,8,0.0,46.212,8,8,8,0,8,8,513,8,64.1
122.42,0,0,0,200,8,0.0,46.212,8,8,8,0,8,8,513,8,64.1
123.62,0,0,0,200,8,0.0,46.212,7,8,8,0,7,8,513,8,64.1
124.96,0,0,0,200,8,0.0,46.212,7,7,7,0,7,8,513,8,64.1
126.15,0,0,0,200,8,0.0,46.212,7,7,7,0,7,8,513,8,64.1
127.35,0,0,0,200,8,0.0,46.212,7,7,7,0,7,8,459,7,65.6
128.65,0,0,0,200,8,0.0,46.212,7,7,7,0,7,8,459,7,65.6
129.85,0,0,0,200,8,0.0,46.212,7,7,7,0,7,8,459,7,65.6
131.05,0,0,0,200,8,0.0,46.212,7,7,7,0,7,8,459,7,65.6
132.34,0,0,0,200,8,0.0,46.212,7,7,7,0,7,8,459,7,65.6
133.55,0,0,0,200,8,0.0,46.212,7,7,7,0,7,8,459,7,65.6
134.75,0,0,0,200,8,0.0,46.212,7,7,7,0,7,8,459,7,65.6
136.06,0,0,0,200,8,0.0,46.212,7,7,7,0,7,8,459,7,65.6
137.25,0,0,0,200,8,0.0,46.212,7,7,7,0,7,8,459,7,65.6
138.48,0,0,0,200,8,0.0,46.212,7,7,7,0,7,8,459,7,65.6
139.76,0,0,0,200,8,0.0,46.212,7,7,7,0,7,7,459,7,65.6
140.96,0,0,0,200,8,0.0,46.212,7,7,7,0,7,7,459,7,65.6
142.16,0,0,0,200,8,0.0,46.212,7,7,7,0,7,7,459,7,65.6
143.46,0,0,0,200,8,0.0,46.212,7,7,7,0,7,7,459,7,65.6
144.66,0,0,0,200,7,0.0,46.212,7,7,7,0,7,7,459,7,65.6
145.86,0,0,0,200,7,0.0,46.212,7,7,7,0,7,7,77,7,11.0
147.17,0,0,0,200,7,0.0,46.212,7,7,7,0,7,7,77,7,11.0
145.87,0,0,0,200,7,0.0,46.212,7,7,7,0,7,7,77,7,11.0
147.24,0,0,0,200,7,0.0,46.212,7,7,7,0,7,7,77,7,11.0
148.53,0,0,0,200,7,0.0,46.212,7,7,7,0,7,7,77,7,11.0
149.73,0,0,0,200,7,0.0,46.212,7,7,7,0,7,7,77,7,11.0
150.93,0,0,0,200,7,0.0,46.212,7,7,7,0,7,7,77,7,11.0
152.22,0,0,0,200,7,0.0,46.212,6,6,6,0,6,7,77,7,11.0
153.42,0,0,0,200,7,0.0,46.212,6,6,6,0,6,7,77,7,11.0
154.8,0,0,0,200,7,0.0,46.212,6,6,6,0,6,7,66,6,11.0
156.09,0,0,0,200,7,0.0,46.212,6,6,6,0,6,7,66,6,11.0
157.29,0,0,0,200,7,0.0,46.212,6,6,6,0,6,7,66,6,11.0
158.49,0,0,0,200,7,0.0,46.212,6,6,6,0,6,7,66,6,11.0
159.78,0,0,0,200,7,0.0,46.212,6,6,6,0,6,7,66,6,11.0
160.99,0,0,0,200,7,0.0,46.212,6,6,6,0,6,7,66,6,11.0
162.19,0,0,0,200,7,0.0,46.212,6,6,6,0,6,7,66,6,11.0
163.48,0,0,0,200,7,0.0,46.212,6,6,6,0,6,7,66,6,11.0
164.67,0,0,0,200,7,0.0,46.212,6,6,6,0,6,7,66,6,11.0
165.88,0,0,0,200,7,0.0,46.212,6,6,6,0,6,7,66,6,11.0
167.17,0,0,0,200,7,0.0,46.212,6,6,6,0,6,6,66,6,11.0
168.38,0,0,0,200,7,0.0,46.212,6,6,6,0,6,6,66,6,11.0
169.59,0,0,0,200,7,0.0,46.212,6,6,6,0,6,6,66,6,11.0
170.86,0,0,0,200,7,0.0,46.212,6,6,6,0,6,6,66,6,11.0
172.05,0,0,0,200,6,0.0,46.212,6,6,6,0,6,6,66,6,11.0
173.25,0,0,0,200,6,0.0,46.212,6,6,6,0,6,6,66,6,11.0
174.54,0,0,0,200,6,0.0,46.212,6,6,6,0,6,6,66,6,11.0
175.75,0,0,0,200,6,0.0,46.212,6,6,6,0,6,6,66,6,11.0
176.95,0,0,0,200,6,0.0,46.212,6,6,6,0,6,6,66,6,11.0
175.76,0,0,0,200,6,0.0,46.212,6,6,6,0,6,6,66,6,11.0
176.97,0,0,0,200,6,0.0,46.212,6,6,6,0,6,6,66,6,11.0
178.17,0,0,0,200,6,0.0,46.212,6,6,6,0,6,6,66,6,11.0
179.45,0,0,0,200,6,0.0,46.212,5,5,5,0,5,6,66,6,11.0
180.65,0,0,0,200,6,0.0,46.212,5,5,5,0,5,6,66,6,11.0
181.86,0,0,0,200,6,0.0,46.212,5,5,5,0,5,6,55,5,11.0
183.21,0,0,0,200,6,0.0,46.212,5,5,5,0,5,6,55,5,11.0
184.42,0,0,0,200,6,0.0,46.212,5,5,5,0,5,6,55,5,11.0
185.62,0,0,0,200,6,0.0,46.212,5,5,5,0,5,6,55,5,11.0
186.92,0,0,0,200,6,0.0,46.212,5,5,5,0,5,6,55,5,11.0
188.12,0,0,0,200,6,0.0,46.212,5,5,5,0,5,6,55,5,11.0
189.31,0,0,0,200,6,0.0,46.212,5,5,5,0,5,6,55,5,11.0
190.59,0,0,0,200,6,0.0,46.212,5,5,5,0,5,6,55,5,11.0
191.79,0,0,0,200,6,0.0,46.212,5,5,5,0,5,6,55,5,11.0
192.98,0,0,0,200,6,0.0,46.212,5,5,5,0,5,6,55,5,11.0
194.27,0,0,0,200,6,0.0,46.212,5,5,5,0,5,5,55,5,11.0
195.48,0,0,0,200,6,0.0,46.212,5,5,5,0,5,5,55,5,11.0
196.66,0,0,0,200,6,0.0,46.212,5,5,5,0,5,5,55,5,11.0
197.95,0,0,0,200,6,0.0,46.212,5,5,5,0,5,5,55,5,11.0
199.14,0,0,0,200,5,0.0,46.212,5,5,5,0,5,5,55,5,11.0
200.35,0,0,0,200,5,0.0,46.212,5,5,5,0,5,5,55,5,11.0
201.65,0,0,0,200,5,0.0,46.212,5,5,5,0,5,5,55,5,11.0
202.85,0,0,0,200,5,0.0,46.212,5,5,5,0,5,5,55,5,11.0
204.06,0,0,0,200,5,0.0,46.212,5,5,5,0,5,5,55,5,11.0
205.33,0,0,0,200,5,0.0,46.212,5,5,5,0,5,5,55,5,11.0
206.55,0,0,0,200,5,0.0,46.212,5,5,5,0,5,5,55,5,11.0
205.26,0,0,0,200,5,0.0,46.212,5,5,5,0,5,5,55,5,11.0
206.53,0,0,0,200,5,0.0,46.212,4,4,4,0,4,5,55,5,11.0
207.73,0,0,0,200,5,0.0,46.212,4,4,4,0,4,5,55,5,11.0
208.93,0,0,0,200,5,0.0,46.212,4,4,4,0,4,5,44,4,11.0
210.21,0,0,0,200,5,0.0,46.212,4,4,4,0,4,5,44,4,11.0
211.42,0,0,0,200,5,0.0,46.212,4,4,4,0,4,5,44,4,11.0
212.61,0,0,0,200,5,0.0,46.212,4,4,4,0,4,5,44,4,11.0
213.92,0,0,0,200,5,0.0,46.212,4,4,4,0,4,5,44,4,11.0
215.11,0,0,0,200,5,0.0,46.212,4,4,4,0,4,5,44,4,11.0
216.35,0,0,0,200,5,0.0,46.212,4,4,4,0,4,5,44,4,11.0
217.62,0,0,0,200,5,0.0,46.212,4,4,4,0,4,5,44,4,11.0
218.82,0,0,0,200,5,0.0,46.212,4,4,4,0,4,5,44,4,11.0
220.02,0,0,0,200,5,0.0,46.212,4,4,4,0,4,5,44,4,11.0
221.3,0,0,0,200,5,0.0,46.212,4,4,4,0,4,5,44,4,11.0
222.53,0,0,0,200,5,0.0,46.212,4,4,4,0,4,4,44,4,11.0
223.73,0,0,0,200,5,0.0,46.212,4,4,4,0,4,4,44,4,11.0
225.01,0,0,0,200,5,0.0,46.212,4,4,4,0,4,4,44,4,11.0
226.26,0,0,0,200,5,0.0,46.212,4,4,4,0,4,4,44,4,11.0
227.48,0,0,0,200,4,0.0,46.212,4,4,4,0,4,4,44,4,11.0
228.8,0,0,0,200,4,0.0,46.212,4,4,4,0,4,4,44,4,11.0
229.99,0,0,0,200,4,0.0,46.212,4,4,4,0,4,4,44,4,11.0
231.19,0,0,0,200,4,0.0,46.212,4,4,4,0,4,4,44,4,11.0
232.47,0,0,0,200,4,0.0,46.212,4,4,4,0,4,4,44,4,11.0
233.66,0,0,0,200,4,0.0,46.212,4,4,4,0,4,4,44,4,11.0
234.85,0,0,0,200,4,0.0,46.212,4,4,4,0,4,4,44,4,11.0
236.14,0,0,0,200,4,0.0,46.212,4,4,4,0,4,4,44,4,11.0
234.87,0,0,0,200,4,0.0,46.212,3,3,3,0,3,4,44,4,11.0
236.09,0,0,0,200,4,0.0,46.212,3,3,3,0,3,4,33,3,11.0
237.37,0,0,0,200,4,0.0,46.212,3,3,3,0,3,4,33,3,11.0
238.74,0,0,0,200,4,0.0,46.212,3,3,3,0,3,4,33,3,11.0
239.94,0,0,0,200,4,0.0,46.212,3,3,3,0,3,4,33,3,11.0
241.29,0,0,0,200,4,0.0,46.212,3,3,3,0,3,4,33,3,11.0
242.47,0,0,0,200,4,0.0,46.212,3,3,3,0,3,4,33,3,11.0
243.67,0,0,0,200,4,0.0,46.212,3,3,3,0,3,4,33,3,11.0
244.94,0,0,0,200,4,0.0,46.212,3,3,3,0,3,4,33,3,11.0
246.3,0,0,0,200,4,0.0,46.212,3,3,3,0,3,4,33,3,11.0
247.5,0,0,0,200,4,0.0,46.212,3,3,3,0,3,4,33,3,11.0
248.78,0,0,0,200,4,0.0,46.212,3,3,3,0,3,4,33,3,11.0
249.98,0,0,0,200,4,0.0,46.212,3,3,3,0,3,3,33,3,11.0
251.19,0,0,0,200,4,0.0,46.212,3,3,3,0,3,3,33,3,11.0
252.47,0,0,0,200,4,0.0,46.212,3,3,3,0,3,3,33,3,11.0
253.72,0,0,0,200,4,0.0,46.212,3,3,3,0,3,3,33,3,11.0
254.92,0,0,0,200,4,0.0,46.212,3,3,3,0,3,3,32,3,10.7
256.2,0,0,0,200,4,0.0,46.212,3,3,3,0,3,3,32,3,10.7
257.42,0,0,0,200,3,0.0,46.212,3,3,3,0,3,3,32,3,10.7
258.62,0,0,0,200,3,0.0,46.212,3,3,3,0,3,3,32,3,10.7
259.91,0,0,0,200,3,0.0,46.212,3,3,3,0,3,3,32,3,10.7
261.11,0,0,0,200,3,0.0,46.212,3,3,3,0,3,3,32,3,10.7
262.29,0,0,0,200,3,0.0,46.212,3,3,3,0,3,3,32,3,10.7
263.62,0,0,0,200,3,0.0,46.212,3,3,3,0,3,3,32,3,10.7
264.84,0,0,0,200,3,0.0,46.212,2,2,2,0,2,3,32,3,10.7
266.05,0,0,0,200,3,0.0,46.212,2,2,2,0,2,3,22,2,11.0
264.87,0,0,0,200,3,0.0,46.212,2,2,2,0,2,3,22,2,11.0
266.08,0,0,0,200,3,0.0,46.212,2,2,2,0,2,3,22,2,11.0
267.27,0,0,0,200,3,0.0,46.212,2,2,2,0,2,3,22,2,11.0
268.57,0,0,0,200,3,0.0,46.212,2,2,2,0,2,3,22,2,11.0
269.78,0,0,0,200,3,0.0,46.212,2,2,2,0,2,3,22,2,11.0
270.99,0,0,0,200,3,0.0,46.212,2,2,2,0,2,3,22,2,11.0
272.27,0,0,0,200,3,0.0,46.212,2,2,2,0,2,3,22,2,11.0
273.47,0,0,0,200,3,0.0,46.212,2,2,2,0,2,3,22,2,11.0
274.66,0,0,0,200,3,0.0,46.212,2,2,2,0,2,3,22,2,11.0
275.95,0,0,0,200,3,0.0,46.212,2,2,2,0,2,3,22,2,11.0
277.14,0,0,0,200,3,0.0,46.212,2,2,2,0,2,2,22,2,11.0
278.32,0,0,0,200,3,0.0,46.212,2,2,2,0,2,2,22,2,11.0
279.62,0,0,0,200,3,0.0,46.212,2,2,2,0,2,2,22,2,11.0
280.81,0,0,0,200,3,0.0,46.212,2,2,2,0,2,2,22,2,11.0
282.03,0,0,0,200,3,0.0,46.212,2,2,2,0,2,2,22,2,11.0
283.33,0,0,0,200,3,0.0,46.212,2,2,2,0,2,2,22,2,11.0
284.53,0,0,0,200,2,0.0,46.212,2,2,2,0,2,2,22,2,11.0
285.79,0,0,0,200,2,0.0,46.212,2,2,2,0,2,2,22,2,11.0
287.08,0,0,0,200,2,0.0,46.212,2,2,2,0,2,2,22,2,11.0
288.28,0,0,0,200,2,0.0,46.212,2,2,2,0,2,2,22,2,11.0
289.48,0,0,0,200,2,0.0,46.212,2,2,2,0,2,2,22,2,11.0
290.84,0,0,0,200,2,0.0,46.212,2,2,2,0,2,2,22,2,11.0
292.03,0,0,0,200,2,0.0,46.212,1,1,1,0,1,2,22,2,11.0
293.24,0,0,0,200,2,0.0,46.212,1,1,1,0,1,2,11,1,11.0
294.54,0,0,0,200,2,0.0,46.212,1,1,1,0,1,2,11,1,11.0
295.74,0,0,0,200,2,0.0,46.212,1,1,1,0,1,2,11,1,11.0
294.47,0,0,0,200,2,0.0,46.212,1,1,1,0,1,2,11,1,11.0
295.76,0,0,0,200,2,0.0,46.212,1,1,1,0,1,2,11,1,11.0
296.95,0,0,0,200,2,0.0,46.212,1,1,1,0,1,2,11,1,11.0
298.15,0,0,0,200,2,0.0,46.212,1,1,1,0,1,2,11,1,11.0
299.43,0,0,0,200,2,0.0,46.212,1,1,1,0,1,2,11,1,11.0
300.63,0,0,0,200,2,0.0,46.212,1,1,1,0,1,2,11,1,11.0
301.89,0,0,0,200,2,0.0,46.212,1,1,1,0,1,2,11,1,11.0
303.23,0,0,0,200,2,0.0,46.212,1,1,1,0,1,2,11,1,11.0
304.42,0,0,0,200,2,0.0,46.212,1,1,1,0,1,1,11,1,11.0
305.62,0,0,0,200,2,0.0,46.212,1,1,1,0,1,1,11,1,11.0
306.93,0,0,0,200,2,0.0,46.212,1,1,1,0,1,1,11,1,11.0
308.12,0,0,0,200,2,0.0,46.212,1,1,1,0,1,1,11,1,11.0
309.31,0,0,0,200,2,0.0,46.212,1,1,1,0,1,1,12,1,12.0
310.62,0,0,0,200,2,0.0,46.212,1,1,1,0,1,1,12,1,12.0
311.81,0,0,0,200,1,0.0,46.212,1,1,1,0,1,1,12,1,12.0
313.03,0,0,0,200,1,0.0,46.212,1,1,1,0,1,1,12,1,12.0
314.32,0,0,0,200,1,0.0,46.212,1,1,1,0,1,1,12,1,12.0
315.51,0,0,0,200,1,0.0,46.212,1,1,1,0,1,1,12,1,12.0
316.7,0,0,0,200,1,0.0,46.212,1,1,1,0,1,1,12,1,12.0
317.97,0,0,0,200,1,0.0,46.212,1,1,1,0,1,1,12,1,12.0
319.16,0,0,0,200,1,0.0,46.212,1,1,1,0,1,1,12,1,12.0
320.36,0,0,0,200,1,0.0,46.212,1,1,1,0,1,1,12,1,12.0
321.82,0,0,0,200,1,0.0,46.212,1,1,1,0,1,1,12,1,12.0
323.02,0,0,0,200,1,0.0,46.212,1,1,1,0,1,1,12,1,12.0
324.23,0,0,0,200,1,0.0,46.212,1,1,1,0,1,1,12,1,12.0
325.51,0,0,0,200,1,0.0,46.212,1,1,1,0,1,1,12,1,12.0
324.23,0,0,0,200,1,0.0,46.212,1,1,1,0,1,1,12,1,12.0
325.44,0,0,0,200,1,0.0,46.212,1,1,1,0,1,1,12,1,12.0
326.74,0,0,0,200,1,0.0,46.212,1,1,1,0,1,1,12,1,12.0
327.94,0,0,0,200,1,0.0,46.212,1,1,1,0,1,1,12,1,12.0
329.14,0,0,0,200,1,0.0,46.212,1,1,1,0,1,1,12,1,12.0
330.57,0,0,0,200,1,0.0,46.212,1,1,1,0,1,1,12,1,12.0
331.77,0,0,0,200,1,0.0,46.212,1,1,1,0,1,1,12,1,12.0
332.96,0,0,0,200,1,0.0,46.212,1,1,1,0,1,1,12,1,12.0
334.25,0,0,0,200,1,0.0,46.212,1,1,1,0,1,1,12,1,12.0
335.45,0,0,0,200,1,0.0,46.212,1,1,1,0,1,1,12,1,12.0
336.64,0,0,0,200,1,0.0,46.212,1,1,1,0,1,1,12,1,12.0
337.96,0,0,0,200,1,0.0,46.212,1,1,1,0,1,1,12,1,12.0
339.15,0,0,0,200,1,0.0,46.212,1,1,1,0,1,1,12,1,12.0
340.33,0,0,0,200,1,0.0,46.212,1,1,1,0,1,1,12,1,12.0
341.62,0,0,0,200,1,0.0,46.212,1,1,1,0,1,1,12,1,12.0
342.83,0,0,0,200,1,0.0,46.212,1,1,1,0,1,1,12,1,12.0
344.04,0,0,0,200,1,0.0,46.212,1,1,1,0,1,1,12,1,12.0
345.32,0,0,0,200,1,0.0,46.212,1,1,1,0,1,1,12,1,12.0
346.51,0,0,0,200,1,0.0,46.212,1,1,1,0,1,1,12,1,12.0
347.7,0,0,0,200,1,0.0,46.212,1,1,1,0,1,1,12,1,12.0
349.02,0,0,0,200,1,0.0,46.212,1,1,1,0,1,1,12,1,12.0
350.29,0,0,0,200,1,0.0,46.212,1,1,1,0,1,1,12,1,12.0
351.47,0,0,0,200,1,0.0,46.212,1,1,1,0,1,1,12,1,12.0
352.75,0,0,0,200,1,0.0,46.212,1,1,1,0,1,1,12,1,12.0
353.94,0,0,0,200,1,0.0,46.212,1,1,1,0,1,1,12,1,12.0
355.14,0,0,0,200,1,0.0,46.212,1,1,1,0,1,1,12,1,12.0
353.94,0,0,0,200,1,0.0,46.212,1,1,1,0,1,1,12,1,12.0
355.12,0,0,0,200,1,0.0,46.212,1,1,1,0,1,1,12,1,12.0
356.32,0,0,0,200,1,0.0,46.212,1,1,1,0,1,1,12,1,12.0
357.68,0,0,0,200,1,0.0,46.212,1,1,1,0,1,1,12,1,12.0
358.88,0,0,0,200,1,0.0,46.212,1,1,1,0,1,1,12,1,12.0
360.09,0,0,0,200,1,0.0,46.212,1,1,1,0,1,1,12,1,12.0
361.38,0,0,0,200,1,0.0,46.212,1,1,1,0,1,1,12,1,12.0
362.58,0,0,0,200,1,0.0,46.212,1,1,1,0,1,1,12,1,12.0
363.8,0,0,0,200,1,0.0,46.212,1,1,1,0,1,1,12,1,12.0
365.1,0,0,0,200,1,0.0,46.212,1,1,1,0,1,1,12,1,12.0
366.31,0,0,0,200,1,0.0,46.212,1,1,1,0,1,1,12,1,12.0
367.51,0,0,0,200,1,0.0,46.212,1,1,1,0,1,1,12,1,12.0
368.8,0,0,0,200,1,0.0,46.212,1,1,1,0,1,1,12,1,12.0
370.0,0,0,0,200,1,0.0,46.212,1,1,1,0,1,1,12,1,12.0
371.21,0,0,0,200,1,0.0,46.212,1,1,1,0,1,1,12,1,12.0
372.51,0,0,0,200,1,0.0,46.212,1,1,1,0,1,1,12,1,12.0
373.72,0,0,0,200,1,0.0,46.212,1,1,1,0,1,1,12,1,12.0
374.91,0,0,0,200,1,0.0,46.212,1,1,1,0,1,1,12,1,12.0
376.2,0,0,0,200,1,0.0,46.212,1,1,1,0,1,1,12,1,12.0
377.47,0,0,0,200,1,0.0,46.212,1,1,1,0,1,1,12,1,12.0
378.7,0,0,0,200,1,0.0,46.212,1,1,1,0,1,1,12,1,12.0
380.0,0,0,0,200,1,0.0,46.212,1,1,1,0,1,1,12,1,12.0
381.2,0,0,0,200,1,0.0,46.212,1,1,1,0,1,1,12,1,12.0
382.41,0,0,0,200,1,0.0,46.212,1,1,1,0,1,1,12,1,12.0
383.72,0,0,0,200,1,0.0,46.212,1,1,1,0,1,1,12,1,12.0
384.93,0,0,0,200,1,0.0,46.212,1,1,1,0,1,1,12,1,12.0
383.64,0,0,0,200,1,0.0,46.212,1,1,1,0,1,1,12,1,12.0
384.91,0,0,0,200,1,0.0,46.212,1,1,1,0,1,1,12,1,12.0
386.09,0,0,0,200,1,0.0,46.212,1,1,1,0,1,1,12,1,12.0
387.28,0,0,0,200,1,0.0,46.212,1,1,1,0,1,1,12,1,12.0
388.59,0,0,0,200,1,0.0,46.212,1,1,1,0,1,1,12,1,12.0
389.79,0,0,0,200,1,0.0,46.212,1,1,1,0,1,1,12,1,12.0
391.0,0,0,0,200,1,0.0,46.212,1,1,1,0,1,1,12,1,12.0
392.3,0,0,0,200,1,0.0,46.212,1,1,1,0,1,1,12,1,12.0
393.53,0,0,0,200,1,0.0,46.212,1,1,1,0,1,1,12,1,12.0
394.72,0,0,0,200,1,0.0,46.212,1,1,1,0,1,1,12,1,12.0
396.03,0,0,0,200,1,0.0,46.212,1,1,1,0,1,1,12,1,12.0
397.23,0,0,0,200,1,0.0,46.212,1,1,1,0,1,1,12,1,12.0
398.43,0,0,0,200,1,0.0,46.212,1,1,1,0,1,1,12,1,12.0
399.74,0,0,0,200,1,0.0,46.212,1,1,1,0,1,1,12,1,12.0
